1,Solo: A Star Wars Story,348350,2018-06-02
2,Deadpool 2,383498,2018-06-02
3,Avengers: Infinity War,299536,2018-06-02
4,Adrift,429300,2018-06-02
5,Book Club,502682,2018-06-02
6,Upgrade,500664,2018-06-02
7,Life of the Party ,399796,2018-06-02
8,Breaking In,497814,2018-06-02
9,Action Point,454283,2018-06-02
10,A Quiet Place,447332,2018-06-02
1,Solo: A Star Wars Story,348350,2018-06-03
2,Deadpool 2,383498,2018-06-03
3,Avengers: Infinity War,299536,2018-06-03
4,Adrift,429300,2018-06-03
5,Book Club,502682,2018-06-03
6,Upgrade,500664,2018-06-03
7,Life of the Party ,399796,2018-06-03
8,Breaking In,497814,2018-06-03
9,Action Point,454283,2018-06-03
10,Overboard,454619,2018-06-03
1,Solo: A Star Wars Story,348350,2018-06-04
2,Deadpool 2,383498,2018-06-04
3,Adrift,429300,2018-06-04
4,Avengers: Infinity War,299536,2018-06-04
5,Book Club,502682,2018-06-04
6,Upgrade,500664,2018-06-04
7,Life of the Party ,399796,2018-06-04
8,Breaking In,497814,2018-06-04
9,Action Point,454283,2018-06-04
10,A Quiet Place,447332,2018-06-04
1,Solo: A Star Wars Story,348350,2018-06-05
2,Deadpool 2,383498,2018-06-05
3,Adrift,429300,2018-06-05
4,Book Club,502682,2018-06-05
5,Avengers: Infinity War,299536,2018-06-05
6,Upgrade,500664,2018-06-05
7,Life of the Party ,399796,2018-06-05
8,Breaking In,497814,2018-06-05
9,Action Point,454283,2018-06-05
10,Overboard,454619,2018-06-05
1,Solo: A Star Wars Story,348350,2018-06-06
2,Deadpool 2,383498,2018-06-06
3,Book Club,502682,2018-06-06
4,Adrift,429300,2018-06-06
5,Avengers: Infinity War,299536,2018-06-06
6,Upgrade,500664,2018-06-06
7,Life of the Party ,399796,2018-06-06
8,Breaking In,497814,2018-06-06
9,Action Point,454283,2018-06-06
10,Show Dogs,425148,2018-06-06
1,Solo: A Star Wars Story,348350,2018-06-07
2,Deadpool 2,383498,2018-06-07
3,Avengers: Infinity War,299536,2018-06-07
4,Book Club,502682,2018-06-07
5,Adrift,429300,2018-06-07
6,Upgrade,500664,2018-06-07
7,Life of the Party ,399796,2018-06-07
8,Show Dogs,425148,2018-06-07
9,Breaking In,497814,2018-06-07
10,Action Point,454283,2018-06-07
1,Oceans 8,402900,2018-06-08
2,Hereditary,493922,2018-06-08
3,Solo: A Star Wars Story,348350,2018-06-08
4,Deadpool 2,383498,2018-06-08
5,Avengers: Infinity War,299536,2018-06-08
6,Adrift,429300,2018-06-08
7,Book Club,502682,2018-06-08
8,Hotel Artemis,406761,2018-06-08
9,Life of the Party ,399796,2018-06-08
10,Upgrade,500664,2018-06-08
1,Oceans 8,402900,2018-06-09
2,Solo: A Star Wars Story,348350,2018-06-09
3,Deadpool 2,383498,2018-06-09
4,Hereditary,493922,2018-06-09
5,Avengers: Infinity War,299536,2018-06-09
6,Adrift,429300,2018-06-09
7,Book Club,502682,2018-06-09
8,Hotel Artemis,406761,2018-06-09
9,Upgrade,500664,2018-06-09
10,Life of the Party ,399796,2018-06-09
1,Oceans 8,402900,2018-06-10
2,Solo: A Star Wars Story,348350,2018-06-10
3,Deadpool 2,383498,2018-06-10
4,Hereditary,493922,2018-06-10
5,Avengers: Infinity War,299536,2018-06-10
6,Adrift,429300,2018-06-10
7,Book Club,502682,2018-06-10
8,Hotel Artemis,406761,2018-06-10
9,Upgrade,500664,2018-06-10
10,Life of the Party ,399796,2018-06-10
1,Oceans 8,402900,2018-06-11
2,Solo: A Star Wars Story,348350,2018-06-11
3,Deadpool 2,383498,2018-06-11
4,Hereditary,493922,2018-06-11
5,Avengers: Infinity War,299536,2018-06-11
6,Book Club,502682,2018-06-11
7,Adrift,429300,2018-06-11
8,Hotel Artemis,406761,2018-06-11
9,Upgrade,500664,2018-06-11
10,Life of the Party ,399796,2018-06-11
1,Solo: A Star Wars Story,348350,2018-06-01
2,Deadpool 2,383498,2018-06-01
3,Adrift,429300,2018-06-01
4,Avengers: Infinity War,299536,2018-06-01
5,Book Club,502682,2018-06-01
6,Upgrade,500664,2018-06-01
7,Life of the Party ,399796,2018-06-01
8,Action Point,454283,2018-06-01
9,Breaking In,497814,2018-06-01
10,Overboard,454619,2018-06-01
1,Oceans 8,402900,2018-06-12
2,Solo: A Star Wars Story,348350,2018-06-12
3,Deadpool 2,383498,2018-06-12
4,Hereditary,493922,2018-06-12
5,Avengers: Infinity War,299536,2018-06-12
6,Book Club,502682,2018-06-12
7,Adrift,429300,2018-06-12
8,Hotel Artemis,406761,2018-06-12
9,Upgrade,500664,2018-06-12
10,Life of the Party ,399796,2018-06-12
1,Oceans 8,402900,2018-06-13
2,Solo: A Star Wars Story,348350,2018-06-13
3,Deadpool 2,383498,2018-06-13
4,Hereditary,493922,2018-06-13
5,Superfly,500475,2018-06-13
6,Avengers: Infinity War,299536,2018-06-13
7,Book Club,502682,2018-06-13
8,Adrift,429300,2018-06-13
9,Hotel Artemis,406761,2018-06-13
10,Upgrade,500664,2018-06-13
1,Oceans 8,402900,2018-06-14
2,Solo: A Star Wars Story,348350,2018-06-14
3,Hereditary,493922,2018-06-14
4,Deadpool 2,383498,2018-06-14
5,Superfly,500475,2018-06-14
6,Avengers: Infinity War,299536,2018-06-14
7,Book Club,502682,2018-06-14
8,Adrift,429300,2018-06-14
9,Hotel Artemis,406761,2018-06-14
10,Life of the Party ,399796,2018-06-14
1,Incredibles 2,260513,2018-06-15
2,Oceans 8,402900,2018-06-15
3,Tag,455980,2018-06-15
4,Solo: A Star Wars Story,348350,2018-06-15
5,Deadpool 2,383498,2018-06-15
6,Hereditary,493922,2018-06-15
7,Superfly,500475,2018-06-15
8,Avengers: Infinity War,299536,2018-06-15
9,A Wrinkle in Time,407451,2018-06-15
10,Adrift,429300,2018-06-15
1,Incredibles 2,260513,2018-06-16
2,Oceans 8,402900,2018-06-16
3,Tag,455980,2018-06-16
4,Solo: A Star Wars Story,348350,2018-06-16
5,Deadpool 2,383498,2018-06-16
6,Hereditary,493922,2018-06-16
7,Superfly,500475,2018-06-16
8,Avengers: Infinity War,299536,2018-06-16
9,Adrift,429300,2018-06-16
10,Book Club,502682,2018-06-16
1,Incredibles 2,260513,2018-06-17
2,Oceans 8,402900,2018-06-17
3,Tag,455980,2018-06-17
4,Solo: A Star Wars Story,348350,2018-06-17
5,Deadpool 2,383498,2018-06-17
6,Superfly,500475,2018-06-17
7,Avengers: Infinity War,299536,2018-06-17
8,Hereditary,493922,2018-06-17
9,Adrift,429300,2018-06-17
10,Gotti,339103,2018-06-17
1,Incredibles 2,260513,2018-06-18
2,Oceans 8,402900,2018-06-18
3,Tag,455980,2018-06-18
4,Deadpool 2,383498,2018-06-18
5,Solo: A Star Wars Story,348350,2018-06-18
6,Hereditary,493922,2018-06-18
7,Superfly,500475,2018-06-18
8,Avengers: Infinity War,299536,2018-06-18
9,Book Club,502682,2018-06-18
10,Adrift,429300,2018-06-18
1,Incredibles 2,260513,2018-06-19
2,Oceans 8,402900,2018-06-19
3,Tag,455980,2018-06-19
4,Deadpool 2,383498,2018-06-19
5,Solo: A Star Wars Story,348350,2018-06-19
6,Hereditary,493922,2018-06-19
7,Superfly,500475,2018-06-19
8,Avengers: Infinity War,299536,2018-06-19
9,Book Club,502682,2018-06-19
10,Adrift,429300,2018-06-19
1,Incredibles 2,260513,2018-06-20
2,Oceans 8,402900,2018-06-20
3,Tag,455980,2018-06-20
4,Hereditary,493922,2018-06-20
5,Deadpool 2,383498,2018-06-20
6,Solo: A Star Wars Story,348350,2018-06-20
7,Avengers: Infinity War,299536,2018-06-20
8,Superfly,500475,2018-06-20
9,Book Club,502682,2018-06-20
10,Adrift,429300,2018-06-20
1,Incredibles 2,260513,2018-06-21
2,Oceans 8,402900,2018-06-21
3,Tag,455980,2018-06-21
4,Solo: A Star Wars Story,348350,2018-06-21
5,Deadpool 2,383498,2018-06-21
6,Hereditary,493922,2018-06-21
7,Superfly,500475,2018-06-21
8,Avengers: Infinity War,299536,2018-06-21
9,Book Club,502682,2018-06-21
10,Adrift,429300,2018-06-21
1,Jurassic World: Fallen Kingdom,351286,2018-06-22
2,Incredibles 2,260513,2018-06-22
3,Oceans 8,402900,2018-06-22
4,Tag,455980,2018-06-22
5,Deadpool 2,383498,2018-06-22
6,Solo: A Star Wars Story,348350,2018-06-22
7,Hereditary,493922,2018-06-22
8,Superfly,500475,2018-06-22
9,Avengers: Infinity War,299536,2018-06-22
10,Wont You Be My Neighbor?,490003,2018-06-22
1,Jurassic World: Fallen Kingdom,351286,2018-06-23
2,Incredibles 2,260513,2018-06-23
3,Oceans 8,402900,2018-06-23
4,Tag,455980,2018-06-23
5,Deadpool 2,383498,2018-06-23
6,Solo: A Star Wars Story,348350,2018-06-23
7,Hereditary,493922,2018-06-23
8,Superfly,500475,2018-06-23
9,Avengers: Infinity War,299536,2018-06-23
10,Wont You Be My Neighbor?,490003,2018-06-23
1,Jurassic World: Fallen Kingdom,351286,2018-06-24
2,Incredibles 2,260513,2018-06-24
3,Oceans 8,402900,2018-06-24
4,Tag,455980,2018-06-24
5,Deadpool 2,383498,2018-06-24
6,Solo: A Star Wars Story,348350,2018-06-24
7,Hereditary,493922,2018-06-24
8,Superfly,500475,2018-06-24
9,Avengers: Infinity War,299536,2018-06-24
10,Wont You Be My Neighbor?,490003,2018-06-24
1,Jurassic World: Fallen Kingdom,351286,2018-06-25
2,Incredibles 2,260513,2018-06-25
3,Oceans 8,402900,2018-06-25
4,Tag,455980,2018-06-25
5,Deadpool 2,383498,2018-06-25
6,Hereditary,493922,2018-06-25
7,Solo: A Star Wars Story,348350,2018-06-25
8,Superfly,500475,2018-06-25
9,Bandstand: The Broadway Musical,532183,2018-06-25
10,Avengers: Infinity War,299536,2018-06-25
1,Jurassic World: Fallen Kingdom,351286,2018-06-26
2,Incredibles 2,260513,2018-06-26
3,Oceans 8,402900,2018-06-26
4,Tag,455980,2018-06-26
5,Deadpool 2,383498,2018-06-26
6,Hereditary,493922,2018-06-26
7,Solo: A Star Wars Story,348350,2018-06-26
8,Superfly,500475,2018-06-26
9,Avengers: Infinity War,299536,2018-06-26
10,Wont You Be My Neighbor?,490003,2018-06-26
1,Jurassic World: Fallen Kingdom,351286,2018-06-27
2,Incredibles 2,260513,2018-06-27
3,Oceans 8,402900,2018-06-27
4,Tag,455980,2018-06-27
5,Deadpool 2,383498,2018-06-27
6,Hereditary,493922,2018-06-27
7,Solo: A Star Wars Story,348350,2018-06-27
8,Superfly,500475,2018-06-27
9,Avengers: Infinity War,299536,2018-06-27
10,Wont You Be My Neighbor?,490003,2018-06-27
1,Jurassic World: Fallen Kingdom,351286,2018-06-28
2,Incredibles 2,260513,2018-06-28
3,Oceans 8,402900,2018-06-28
4,Tag,455980,2018-06-28
5,Deadpool 2,383498,2018-06-28
6,Solo: A Star Wars Story,348350,2018-06-28
7,Hereditary,493922,2018-06-28
8,Bandstand: The Broadway Musical,532183,2018-06-28
9,Avengers: Infinity War,299536,2018-06-28
10,Superfly,500475,2018-06-28
1,Jurassic World: Fallen Kingdom,351286,2018-06-29
2,Incredibles 2,260513,2018-06-29
3,Sicario: Day of the Soldado,400535,2018-06-29
4,Uncle Drew,474335,2018-06-29
5,Oceans 8,402900,2018-06-29
6,Tag,455980,2018-06-29
7,Deadpool 2,383498,2018-06-29
8,Sanju,496328,2018-06-29
9,Solo: A Star Wars Story,348350,2018-06-29
10,Hereditary,493922,2018-06-29
1,Jurassic World: Fallen Kingdom,351286,2018-06-30
2,Incredibles 2,260513,2018-06-30
3,Sicario: Day of the Soldado,400535,2018-06-30
4,Uncle Drew,474335,2018-06-30
5,Oceans 8,402900,2018-06-30
6,Tag,455980,2018-06-30
7,Deadpool 2,383498,2018-06-30
8,Hotel Transylvania 3: Summer Vacation,400155,2018-06-30
9,Solo: A Star Wars Story,348350,2018-06-30
10,Sanju,496328,2018-06-30
1,Jurassic World: Fallen Kingdom,351286,2018-07-01
2,Incredibles 2,260513,2018-07-01
3,Sicario: Day of the Soldado,400535,2018-07-01
4,Uncle Drew,474335,2018-07-01
5,Oceans 8,402900,2018-07-01
6,Tag,455980,2018-07-01
7,Deadpool 2,383498,2018-07-01
8,Sanju,496328,2018-07-01
9,Solo: A Star Wars Story,348350,2018-07-01
10,Wont You Be My Neighbor?,490003,2018-07-01
1,Jurassic World: Fallen Kingdom,351286,2018-07-02
2,Incredibles 2,260513,2018-07-02
3,Sicario: Day of the Soldado,400535,2018-07-02
4,Uncle Drew,474335,2018-07-02
5,Oceans 8,402900,2018-07-02
6,Tag,455980,2018-07-02
7,Deadpool 2,383498,2018-07-02
8,Sanju,496328,2018-07-02
9,Solo: A Star Wars Story,348350,2018-07-02
10,Hereditary,493922,2018-07-02
1,Jurassic World: Fallen Kingdom,351286,2018-07-03
2,Incredibles 2,260513,2018-07-03
3,Sicario: Day of the Soldado,400535,2018-07-03
4,Uncle Drew,474335,2018-07-03
5,Oceans 8,402900,2018-07-03
6,Tag,455980,2018-07-03
7,Deadpool 2,383498,2018-07-03
8,Solo: A Star Wars Story,348350,2018-07-03
9,Sanju,496328,2018-07-03
10,Wont You Be My Neighbor?,490003,2018-07-03
1,Jurassic World: Fallen Kingdom,351286,2018-07-04
2,Incredibles 2,260513,2018-07-04
3,The First Purge,442249,2018-07-04
4,Sicario: Day of the Soldado,400535,2018-07-04
5,Uncle Drew,474335,2018-07-04
6,Oceans 8,402900,2018-07-04
7,Tag,455980,2018-07-04
8,Wont You Be My Neighbor?,490003,2018-07-04
9,Deadpool 2,383498,2018-07-04
10,Solo: A Star Wars Story,348350,2018-07-04
1,Incredibles 2,260513,2018-07-05
2,Jurassic World: Fallen Kingdom,351286,2018-07-05
3,The First Purge,442249,2018-07-05
4,Sicario: Day of the Soldado,400535,2018-07-05
5,Uncle Drew,474335,2018-07-05
6,Oceans 8,402900,2018-07-05
7,Tag,455980,2018-07-05
8,Wont You Be My Neighbor?,490003,2018-07-05
9,Deadpool 2,383498,2018-07-05
10,Solo: A Star Wars Story,348350,2018-07-05
1,Ant-Man and the Wasp,363088,2018-07-06
2,Incredibles 2,260513,2018-07-06
3,Jurassic World: Fallen Kingdom,351286,2018-07-06
4,The First Purge,442249,2018-07-06
5,Sicario: Day of the Soldado,400535,2018-07-06
6,Uncle Drew,474335,2018-07-06
7,Oceans 8,402900,2018-07-06
8,Tag,455980,2018-07-06
9,Wont You Be My Neighbor?,490003,2018-07-06
10,Deadpool 2,383498,2018-07-06
1,Ant-Man and the Wasp,363088,2018-07-07
2,Jurassic World: Fallen Kingdom,351286,2018-07-07
3,Incredibles 2,260513,2018-07-07
4,The First Purge,442249,2018-07-07
5,Sicario: Day of the Soldado,400535,2018-07-07
6,Uncle Drew,474335,2018-07-07
7,Oceans 8,402900,2018-07-07
8,Tag,455980,2018-07-07
9,Wont You Be My Neighbor?,490003,2018-07-07
10,Deadpool 2,383498,2018-07-07
1,Ant-Man and the Wasp,363088,2018-07-08
2,Jurassic World: Fallen Kingdom,351286,2018-07-08
3,Incredibles 2,260513,2018-07-08
4,The First Purge,442249,2018-07-08
5,Sicario: Day of the Soldado,400535,2018-07-08
6,Uncle Drew,474335,2018-07-08
7,Oceans 8,402900,2018-07-08
8,Tag,455980,2018-07-08
9,Wont You Be My Neighbor?,490003,2018-07-08
10,Deadpool 2,383498,2018-07-08
1,Ant-Man and the Wasp,363088,2018-07-09
2,Incredibles 2,260513,2018-07-09
3,Jurassic World: Fallen Kingdom,351286,2018-07-09
4,The First Purge,442249,2018-07-09
5,Sicario: Day of the Soldado,400535,2018-07-09
6,Uncle Drew,474335,2018-07-09
7,Oceans 8,402900,2018-07-09
8,Tag,455980,2018-07-09
9,Wont You Be My Neighbor?,490003,2018-07-09
10,Deadpool 2,383498,2018-07-09
1,Ant-Man and the Wasp,363088,2018-07-10
2,Incredibles 2,260513,2018-07-10
3,Jurassic World: Fallen Kingdom,351286,2018-07-10
4,The First Purge,442249,2018-07-10
5,Uncle Drew,474335,2018-07-10
6,Sicario: Day of the Soldado,400535,2018-07-10
7,Oceans 8,402900,2018-07-10
8,Tag,455980,2018-07-10
9,Wont You Be My Neighbor?,490003,2018-07-10
10,Deadpool 2,383498,2018-07-10
1,Ant-Man and the Wasp,363088,2018-07-11
2,Incredibles 2,260513,2018-07-11
3,Jurassic World: Fallen Kingdom,351286,2018-07-11
4,The First Purge,442249,2018-07-11
5,Sicario: Day of the Soldado,400535,2018-07-11
6,Uncle Drew,474335,2018-07-11
7,Oceans 8,402900,2018-07-11
8,Tag,455980,2018-07-11
9,Wont You Be My Neighbor?,490003,2018-07-11
10,Deadpool 2,383498,2018-07-11
1,Ant-Man and the Wasp,363088,2018-07-12
2,Incredibles 2,260513,2018-07-12
3,Jurassic World: Fallen Kingdom,351286,2018-07-12
4,The First Purge,442249,2018-07-12
5,Sicario: Day of the Soldado,400535,2018-07-12
6,Uncle Drew,474335,2018-07-12
7,Oceans 8,402900,2018-07-12
8,Wont You Be My Neighbor?,490003,2018-07-12
9,Tag,455980,2018-07-12
10,Deadpool 2,383498,2018-07-12
1,Hotel Transylvania 3: Summer Vacation,400155,2018-07-13
2,Skyscraper,447200,2018-07-13
3,Ant-Man and the Wasp,363088,2018-07-13
4,Incredibles 2,260513,2018-07-13
5,Jurassic World: Fallen Kingdom,351286,2018-07-13
6,The First Purge,442249,2018-07-13
7,Sorry to Bother You,424781,2018-07-13
8,Sicario: Day of the Soldado,400535,2018-07-13
9,Uncle Drew,474335,2018-07-13
10,Oceans 8,402900,2018-07-13
1,Hotel Transylvania 3: Summer Vacation,400155,2018-07-14
2,Ant-Man and the Wasp,363088,2018-07-14
3,Skyscraper,447200,2018-07-14
4,Jurassic World: Fallen Kingdom,351286,2018-07-14
5,Incredibles 2,260513,2018-07-14
6,The First Purge,442249,2018-07-14
7,Sicario: Day of the Soldado,400535,2018-07-14
8,Sorry to Bother You,424781,2018-07-14
9,Uncle Drew,474335,2018-07-14
10,Oceans 8,402900,2018-07-14
1,Hotel Transylvania 3: Summer Vacation,400155,2018-07-15
2,Ant-Man and the Wasp,363088,2018-07-15
3,Skyscraper,447200,2018-07-15
4,Incredibles 2,260513,2018-07-15
5,Jurassic World: Fallen Kingdom,351286,2018-07-15
6,The First Purge,442249,2018-07-15
7,Sicario: Day of the Soldado,400535,2018-07-15
8,Sorry to Bother You,424781,2018-07-15
9,Uncle Drew,474335,2018-07-15
10,Oceans 8,402900,2018-07-15
1,Hotel Transylvania 3: Summer Vacation,400155,2018-07-16
2,Ant-Man and the Wasp,363088,2018-07-16
3,Skyscraper,447200,2018-07-16
4,Incredibles 2,260513,2018-07-16
5,Jurassic World: Fallen Kingdom,351286,2018-07-16
6,The First Purge,442249,2018-07-16
7,Sorry to Bother You,424781,2018-07-16
8,Sicario: Day of the Soldado,400535,2018-07-16
9,Uncle Drew,474335,2018-07-16
10,Oceans 8,402900,2018-07-16
1,Hotel Transylvania 3: Summer Vacation,400155,2018-07-17
2,Ant-Man and the Wasp,363088,2018-07-17
3,Skyscraper,447200,2018-07-17
4,Incredibles 2,260513,2018-07-17
5,Jurassic World: Fallen Kingdom,351286,2018-07-17
6,The First Purge,442249,2018-07-17
7,Uncle Drew,474335,2018-07-17
8,Sorry to Bother You,424781,2018-07-17
9,Sicario: Day of the Soldado,400535,2018-07-17
10,Oceans 8,402900,2018-07-17
1,Hotel Transylvania 3: Summer Vacation,400155,2018-07-18
2,Ant-Man and the Wasp,363088,2018-07-18
3,Skyscraper,447200,2018-07-18
4,Incredibles 2,260513,2018-07-18
5,Jurassic World: Fallen Kingdom,351286,2018-07-18
6,The First Purge,442249,2018-07-18
7,Sorry to Bother You,424781,2018-07-18
8,Sicario: Day of the Soldado,400535,2018-07-18
9,Oceans 8,402900,2018-07-18
10,Uncle Drew,474335,2018-07-18
1,Hotel Transylvania 3: Summer Vacation,400155,2018-07-19
2,Ant-Man and the Wasp,363088,2018-07-19
3,Incredibles 2,260513,2018-07-19
4,Skyscraper,447200,2018-07-19
5,Jurassic World: Fallen Kingdom,351286,2018-07-19
6,The First Purge,442249,2018-07-19
7,Sorry to Bother You,424781,2018-07-19
8,Sicario: Day of the Soldado,400535,2018-07-19
9,Uncle Drew,474335,2018-07-19
10,Oceans 8,402900,2018-07-19
1,Mamma Mia! Here We Go Again,458423,2018-07-20
2,The Equalizer 2,345887,2018-07-20
3,Hotel Transylvania 3: Summer Vacation,400155,2018-07-20
4,Ant-Man and the Wasp,363088,2018-07-20
5,Incredibles 2,260513,2018-07-20
6,Skyscraper,447200,2018-07-20
7,Jurassic World: Fallen Kingdom,351286,2018-07-20
8,The First Purge,442249,2018-07-20
9,Unfriended: Dark Web,505058,2018-07-20
10,Sorry to Bother You,424781,2018-07-20
1,The Equalizer 2,345887,2018-07-21
2,Mamma Mia! Here We Go Again,458423,2018-07-21
3,Hotel Transylvania 3: Summer Vacation,400155,2018-07-21
4,Ant-Man and the Wasp,363088,2018-07-21
5,Incredibles 2,260513,2018-07-21
6,Jurassic World: Fallen Kingdom,351286,2018-07-21
7,Skyscraper,447200,2018-07-21
8,The First Purge,442249,2018-07-21
9,Unfriended: Dark Web,505058,2018-07-21
10,Sorry to Bother You,424781,2018-07-21
1,The Equalizer 2,345887,2018-07-22
2,Mamma Mia! Here We Go Again,458423,2018-07-22
3,Hotel Transylvania 3: Summer Vacation,400155,2018-07-22
4,Ant-Man and the Wasp,363088,2018-07-22
5,Incredibles 2,260513,2018-07-22
6,Jurassic World: Fallen Kingdom,351286,2018-07-22
7,Skyscraper,447200,2018-07-22
8,The First Purge,442249,2018-07-22
9,Unfriended: Dark Web,505058,2018-07-22
10,Sorry to Bother You,424781,2018-07-22
1,Mamma Mia! Here We Go Again,458423,2018-07-23
2,The Equalizer 2,345887,2018-07-23
3,Hotel Transylvania 3: Summer Vacation,400155,2018-07-23
4,Ant-Man and the Wasp,363088,2018-07-23
5,Incredibles 2,260513,2018-07-23
6,Jurassic World: Fallen Kingdom,351286,2018-07-23
7,Skyscraper,447200,2018-07-23
8,The First Purge,442249,2018-07-23
9,Unfriended: Dark Web,505058,2018-07-23
10,Princess Mononoke,128,2018-07-23
1,Mamma Mia! Here We Go Again,458423,2018-07-24
2,Hotel Transylvania 3: Summer Vacation,400155,2018-07-24
3,The Equalizer 2,345887,2018-07-24
4,Ant-Man and the Wasp,363088,2018-07-24
5,Incredibles 2,260513,2018-07-24
6,Skyscraper,447200,2018-07-24
7,Jurassic World: Fallen Kingdom,351286,2018-07-24
8,The First Purge,442249,2018-07-24
9,Unfriended: Dark Web,505058,2018-07-24
10,Sorry to Bother You,424781,2018-07-24
1,Mamma Mia! Here We Go Again,458423,2018-07-25
2,Hotel Transylvania 3: Summer Vacation,400155,2018-07-25
3,The Equalizer 2,345887,2018-07-25
4,Ant-Man and the Wasp,363088,2018-07-25
5,Incredibles 2,260513,2018-07-25
6,Jurassic World: Fallen Kingdom,351286,2018-07-25
7,Skyscraper,447200,2018-07-25
8,The First Purge,442249,2018-07-25
9,Princess Mononoke,128,2018-07-25
10,Unfriended: Dark Web,505058,2018-07-25
1,Mamma Mia! Here We Go Again,458423,2018-07-26
2,Hotel Transylvania 3: Summer Vacation,400155,2018-07-26
3,The Equalizer 2,345887,2018-07-26
4,Ant-Man and the Wasp,363088,2018-07-26
5,Incredibles 2,260513,2018-07-26
6,Jurassic World: Fallen Kingdom,351286,2018-07-26
7,Skyscraper,447200,2018-07-26
8,The First Purge,442249,2018-07-26
9,Unfriended: Dark Web,505058,2018-07-26
10,Sorry to Bother You,424781,2018-07-26
1,Mission: Impossible - Fallout,353081,2018-07-27
2,Mamma Mia! Here We Go Again,458423,2018-07-27
3,Teen Titans Go! To The Movies,474395,2018-07-27
4,The Equalizer 2,345887,2018-07-27
5,Hotel Transylvania 3: Summer Vacation,400155,2018-07-27
6,Ant-Man and the Wasp,363088,2018-07-27
7,Incredibles 2,260513,2018-07-27
8,Jurassic World: Fallen Kingdom,351286,2018-07-27
9,Skyscraper,447200,2018-07-27
10,The First Purge,442249,2018-07-27
1,Mission: Impossible - Fallout,353081,2018-07-28
2,The Equalizer 2,345887,2018-07-28
3,Mamma Mia! Here We Go Again,458423,2018-07-28
4,Hotel Transylvania 3: Summer Vacation,400155,2018-07-28
5,Ant-Man and the Wasp,363088,2018-07-28
6,Teen Titans Go! To The Movies,474395,2018-07-28
7,Incredibles 2,260513,2018-07-28
8,Jurassic World: Fallen Kingdom,351286,2018-07-28
9,Skyscraper,447200,2018-07-28
10,The First Purge,442249,2018-07-28
1,Mission: Impossible - Fallout,353081,2018-07-29
2,Mamma Mia! Here We Go Again,458423,2018-07-29
3,The Equalizer 2,345887,2018-07-29
4,Hotel Transylvania 3: Summer Vacation,400155,2018-07-29
5,Ant-Man and the Wasp,363088,2018-07-29
6,Teen Titans Go! To The Movies,474395,2018-07-29
7,Incredibles 2,260513,2018-07-29
8,Jurassic World: Fallen Kingdom,351286,2018-07-29
9,Skyscraper,447200,2018-07-29
10,The First Purge,442249,2018-07-29
1,Mission: Impossible - Fallout,353081,2018-07-30
2,Mamma Mia! Here We Go Again,458423,2018-07-30
3,Hotel Transylvania 3: Summer Vacation,400155,2018-07-30
4,The Equalizer 2,345887,2018-07-30
5,Ant-Man and the Wasp,363088,2018-07-30
6,Teen Titans Go! To The Movies,474395,2018-07-30
7,Incredibles 2,260513,2018-07-30
8,Jurassic World: Fallen Kingdom,351286,2018-07-30
9,Skyscraper,447200,2018-07-30
10,The First Purge,442249,2018-07-30
1,Mission: Impossible - Fallout,353081,2018-07-31
2,Mamma Mia! Here We Go Again,458423,2018-07-31
3,Hotel Transylvania 3: Summer Vacation,400155,2018-07-31
4,The Equalizer 2,345887,2018-07-31
5,Teen Titans Go! To The Movies,474395,2018-07-31
6,Ant-Man and the Wasp,363088,2018-07-31
7,Incredibles 2,260513,2018-07-31
8,Jurassic World: Fallen Kingdom,351286,2018-07-31
9,Skyscraper,447200,2018-07-31
10,The First Purge,442249,2018-07-31
1,Mission: Impossible - Fallout,353081,2018-08-01
2,Mamma Mia! Here We Go Again,458423,2018-08-01
3,Hotel Transylvania 3: Summer Vacation,400155,2018-08-01
4,The Equalizer 2,345887,2018-08-01
5,Ant-Man and the Wasp,363088,2018-08-01
6,Incredibles 2,260513,2018-08-01
7,Teen Titans Go! To The Movies,474395,2018-08-01
8,Jurassic World: Fallen Kingdom,351286,2018-08-01
9,Skyscraper,447200,2018-08-01
10,The First Purge,442249,2018-08-01
1,Mission: Impossible - Fallout,353081,2018-08-02
2,Mamma Mia! Here We Go Again,458423,2018-08-02
3,Hotel Transylvania 3: Summer Vacation,400155,2018-08-02
4,The Equalizer 2,345887,2018-08-02
5,Ant-Man and the Wasp,363088,2018-08-02
6,Incredibles 2,260513,2018-08-02
7,Teen Titans Go! To The Movies,474395,2018-08-02
8,Jurassic World: Fallen Kingdom,351286,2018-08-02
9,Skyscraper,447200,2018-08-02
10,The First Purge,442249,2018-08-02
1,Mission: Impossible - Fallout,353081,2018-08-03
2,CHRISTOPHER ROBIN,420814,2018-08-03
3,The Spy Who Dumped Me,454992,2018-08-03
4,Mamma Mia! Here We Go Again,458423,2018-08-03
5,Hotel Transylvania 3: Summer Vacation,400155,2018-08-03
6,The Equalizer 2,345887,2018-08-03
7,The Darkest Minds,445651,2018-08-03
8,Ant-Man and the Wasp,363088,2018-08-03
9,Incredibles 2,260513,2018-08-03
10,Teen Titans Go! To The Movies,474395,2018-08-03
1,Mission: Impossible - Fallout,353081,2018-08-04
2,CHRISTOPHER ROBIN,420814,2018-08-04
3,The Spy Who Dumped Me,454992,2018-08-04
4,The Equalizer 2,345887,2018-08-04
5,Mamma Mia! Here We Go Again,458423,2018-08-04
6,Hotel Transylvania 3: Summer Vacation,400155,2018-08-04
7,Ant-Man and the Wasp,363088,2018-08-04
8,Incredibles 2,260513,2018-08-04
9,The Darkest Minds,445651,2018-08-04
10,Teen Titans Go! To The Movies,474395,2018-08-04
1,Mission: Impossible - Fallout,353081,2018-08-05
2,CHRISTOPHER ROBIN,420814,2018-08-05
3,The Spy Who Dumped Me,454992,2018-08-05
4,Mamma Mia! Here We Go Again,458423,2018-08-05
5,The Equalizer 2,345887,2018-08-05
6,Hotel Transylvania 3: Summer Vacation,400155,2018-08-05
7,Ant-Man and the Wasp,363088,2018-08-05
8,The Darkest Minds,445651,2018-08-05
9,Incredibles 2,260513,2018-08-05
10,Teen Titans Go! To The Movies,474395,2018-08-05
1,Mission: Impossible - Fallout,353081,2018-08-06
2,CHRISTOPHER ROBIN,420814,2018-08-06
3,Mamma Mia! Here We Go Again,458423,2018-08-06
4,The Spy Who Dumped Me,454992,2018-08-06
5,Hotel Transylvania 3: Summer Vacation,400155,2018-08-06
6,The Equalizer 2,345887,2018-08-06
7,Ant-Man and the Wasp,363088,2018-08-06
8,Incredibles 2,260513,2018-08-06
9,Teen Titans Go! To The Movies,474395,2018-08-06
10,The Darkest Minds,445651,2018-08-06
1,Mission: Impossible - Fallout,353081,2018-08-07
2,CHRISTOPHER ROBIN,420814,2018-08-07
3,Mamma Mia! Here We Go Again,458423,2018-08-07
4,The Spy Who Dumped Me,454992,2018-08-07
5,Hotel Transylvania 3: Summer Vacation,400155,2018-08-07
6,The Equalizer 2,345887,2018-08-07
7,Ant-Man and the Wasp,363088,2018-08-07
8,The Darkest Minds,445651,2018-08-07
9,Teen Titans Go! To The Movies,474395,2018-08-07
10,Incredibles 2,260513,2018-08-07
1,Mission: Impossible - Fallout,353081,2018-08-08
2,CHRISTOPHER ROBIN,420814,2018-08-08
3,Mamma Mia! Here We Go Again,458423,2018-08-08
4,The Spy Who Dumped Me,454992,2018-08-08
5,Hotel Transylvania 3: Summer Vacation,400155,2018-08-08
6,The Equalizer 2,345887,2018-08-08
7,Ant-Man and the Wasp,363088,2018-08-08
8,Incredibles 2,260513,2018-08-08
9,Teen Titans Go! To The Movies,474395,2018-08-08
10,The Darkest Minds,445651,2018-08-08
1,Mission: Impossible - Fallout,353081,2018-08-09
2,CHRISTOPHER ROBIN,420814,2018-08-09
3,Mamma Mia! Here We Go Again,458423,2018-08-09
4,The Spy Who Dumped Me,454992,2018-08-09
5,Hotel Transylvania 3: Summer Vacation,400155,2018-08-09
6,The Equalizer 2,345887,2018-08-09
7,Ant-Man and the Wasp,363088,2018-08-09
8,Incredibles 2,260513,2018-08-09
9,Teen Titans Go! To The Movies,474395,2018-08-09
10,The Darkest Minds,445651,2018-08-09
1,The Meg,345940,2018-08-10
2,Mission: Impossible - Fallout,353081,2018-08-10
3,Slender Man,439015,2018-08-10
4,CHRISTOPHER ROBIN,420814,2018-08-10
5,BlacKkKlansman,487558,2018-08-10
6,The Spy Who Dumped Me,454992,2018-08-10
7,Mamma Mia! Here We Go Again,458423,2018-08-10
8,The Equalizer 2,345887,2018-08-10
9,Hotel Transylvania 3: Summer Vacation,400155,2018-08-10
10,Ant-Man and the Wasp,363088,2018-08-10
1,The Meg,345940,2018-08-11
2,Mission: Impossible - Fallout,353081,2018-08-11
3,CHRISTOPHER ROBIN,420814,2018-08-11
4,BlacKkKlansman,487558,2018-08-11
5,Slender Man,439015,2018-08-11
6,The Spy Who Dumped Me,454992,2018-08-11
7,The Equalizer 2,345887,2018-08-11
8,Mamma Mia! Here We Go Again,458423,2018-08-11
9,Hotel Transylvania 3: Summer Vacation,400155,2018-08-11
10,Ant-Man and the Wasp,363088,2018-08-11
1,The Meg,345940,2018-08-12
2,Mission: Impossible - Fallout,353081,2018-08-12
3,CHRISTOPHER ROBIN,420814,2018-08-12
4,BlacKkKlansman,487558,2018-08-12
5,Slender Man,439015,2018-08-12
6,The Spy Who Dumped Me,454992,2018-08-12
7,Mamma Mia! Here We Go Again,458423,2018-08-12
8,The Equalizer 2,345887,2018-08-12
9,Hotel Transylvania 3: Summer Vacation,400155,2018-08-12
10,Ant-Man and the Wasp,363088,2018-08-12
1,The Meg,345940,2018-08-13
2,Mission: Impossible - Fallout,353081,2018-08-13
3,CHRISTOPHER ROBIN,420814,2018-08-13
4,Slender Man,439015,2018-08-13
5,BlacKkKlansman,487558,2018-08-13
6,Mamma Mia! Here We Go Again,458423,2018-08-13
7,Hotel Transylvania 3: Summer Vacation,400155,2018-08-13
8,The Spy Who Dumped Me,454992,2018-08-13
9,The Equalizer 2,345887,2018-08-13
10,Ant-Man and the Wasp,363088,2018-08-13
1,The Meg,345940,2018-08-14
2,Mission: Impossible - Fallout,353081,2018-08-14
3,CHRISTOPHER ROBIN,420814,2018-08-14
4,BlacKkKlansman,487558,2018-08-14
5,Slender Man,439015,2018-08-14
6,Mamma Mia! Here We Go Again,458423,2018-08-14
7,Hotel Transylvania 3: Summer Vacation,400155,2018-08-14
8,The Spy Who Dumped Me,454992,2018-08-14
9,The Equalizer 2,345887,2018-08-14
10,Ant-Man and the Wasp,363088,2018-08-14
1,Crazy Rich Asians,455207,2018-08-15
2,The Meg,345940,2018-08-15
3,Mission: Impossible - Fallout,353081,2018-08-15
4,CHRISTOPHER ROBIN,420814,2018-08-15
5,BlacKkKlansman,487558,2018-08-15
6,Mamma Mia! Here We Go Again,458423,2018-08-15
7,Slender Man,439015,2018-08-15
8,Hotel Transylvania 3: Summer Vacation,400155,2018-08-15
9,The Spy Who Dumped Me,454992,2018-08-15
10,The Equalizer 2,345887,2018-08-15
1,Crazy Rich Asians,455207,2018-08-16
2,The Meg,345940,2018-08-16
3,Mission: Impossible - Fallout,353081,2018-08-16
4,CHRISTOPHER ROBIN,420814,2018-08-16
5,BlacKkKlansman,487558,2018-08-16
6,Mamma Mia! Here We Go Again,458423,2018-08-16
7,Slender Man,439015,2018-08-16
8,Hotel Transylvania 3: Summer Vacation,400155,2018-08-16
9,The Spy Who Dumped Me,454992,2018-08-16
10,The Equalizer 2,345887,2018-08-16
1,Crazy Rich Asians,455207,2018-08-17
2,The Meg,345940,2018-08-17
3,Mile 22,347375,2018-08-17
4,Alpha,399360,2018-08-17
5,Mission: Impossible - Fallout,353081,2018-08-17
6,CHRISTOPHER ROBIN,420814,2018-08-17
7,BlacKkKlansman,487558,2018-08-17
8,Slender Man,439015,2018-08-17
9,Mamma Mia! Here We Go Again,458423,2018-08-17
10,Hotel Transylvania 3: Summer Vacation,400155,2018-08-17
1,Crazy Rich Asians,455207,2018-08-18
2,The Meg,345940,2018-08-18
3,Mile 22,347375,2018-08-18
4,Mission: Impossible - Fallout,353081,2018-08-18
5,Alpha,399360,2018-08-18
6,CHRISTOPHER ROBIN,420814,2018-08-18
7,BlacKkKlansman,487558,2018-08-18
8,Slender Man,439015,2018-08-18
9,Hotel Transylvania 3: Summer Vacation,400155,2018-08-18
10,Mamma Mia! Here We Go Again,458423,2018-08-18
1,Crazy Rich Asians,455207,2018-08-19
2,The Meg,345940,2018-08-19
3,Mile 22,347375,2018-08-19
4,Mission: Impossible - Fallout,353081,2018-08-19
5,Alpha,399360,2018-08-19
6,CHRISTOPHER ROBIN,420814,2018-08-19
7,BlacKkKlansman,487558,2018-08-19
8,Slender Man,439015,2018-08-19
9,Hotel Transylvania 3: Summer Vacation,400155,2018-08-19
10,Mamma Mia! Here We Go Again,458423,2018-08-19
1,Crazy Rich Asians,455207,2018-08-20
2,The Meg,345940,2018-08-20
3,Mile 22,347375,2018-08-20
4,Mission: Impossible - Fallout,353081,2018-08-20
5,CHRISTOPHER ROBIN,420814,2018-08-20
6,Alpha,399360,2018-08-20
7,BlacKkKlansman,487558,2018-08-20
8,Slender Man,439015,2018-08-20
9,Mamma Mia! Here We Go Again,458423,2018-08-20
10,Elvis: 68 Comeback Special,147222,2018-08-20
1,Crazy Rich Asians,455207,2018-08-21
2,The Meg,345940,2018-08-21
3,Mile 22,347375,2018-08-21
4,Mission: Impossible - Fallout,353081,2018-08-21
5,CHRISTOPHER ROBIN,420814,2018-08-21
6,Alpha,399360,2018-08-21
7,BlacKkKlansman,487558,2018-08-21
8,Hotel Transylvania 3: Summer Vacation,400155,2018-08-21
9,Mamma Mia! Here We Go Again,458423,2018-08-21
10,Slender Man,439015,2018-08-21
1,Crazy Rich Asians,455207,2018-08-22
2,The Meg,345940,2018-08-22
3,Mission: Impossible - Fallout,353081,2018-08-22
4,Mile 22,347375,2018-08-22
5,Alpha,399360,2018-08-22
6,CHRISTOPHER ROBIN,420814,2018-08-22
7,BlacKkKlansman,487558,2018-08-22
8,Hotel Transylvania 3: Summer Vacation,400155,2018-08-22
9,Mamma Mia! Here We Go Again,458423,2018-08-22
10,Slender Man,439015,2018-08-22
1,Crazy Rich Asians,455207,2018-08-23
2,The Meg,345940,2018-08-23
3,Mile 22,347375,2018-08-23
4,Mission: Impossible - Fallout,353081,2018-08-23
5,CHRISTOPHER ROBIN,420814,2018-08-23
6,Alpha,399360,2018-08-23
7,BlacKkKlansman,487558,2018-08-23
8,Mamma Mia! Here We Go Again,458423,2018-08-23
9,Slender Man,439015,2018-08-23
10,Hotel Transylvania 3: Summer Vacation,400155,2018-08-23
1,Crazy Rich Asians,455207,2018-08-24
2,The Happytime Murders,412988,2018-08-24
3,The Meg,345940,2018-08-24
4,Mission: Impossible - Fallout,353081,2018-08-24
5,Mile 22,347375,2018-08-24
6,CHRISTOPHER ROBIN,420814,2018-08-24
7,Alpha,399360,2018-08-24
8,BlacKkKlansman,487558,2018-08-24
9,A.X.L.,438590,2018-08-24
10,Slender Man,439015,2018-08-24
1,Crazy Rich Asians,455207,2018-08-25
2,The Meg,345940,2018-08-25
3,The Happytime Murders,412988,2018-08-25
4,Mission: Impossible - Fallout,353081,2018-08-25
5,CHRISTOPHER ROBIN,420814,2018-08-25
6,Mile 22,347375,2018-08-25
7,Alpha,399360,2018-08-25
8,BlacKkKlansman,487558,2018-08-25
9,Slender Man,439015,2018-08-25
10,A.X.L.,438590,2018-08-25
1,Crazy Rich Asians,455207,2018-08-26
2,The Meg,345940,2018-08-26
3,Mission: Impossible - Fallout,353081,2018-08-26
4,The Happytime Murders,412988,2018-08-26
5,Alpha,399360,2018-08-26
6,Mile 22,347375,2018-08-26
7,CHRISTOPHER ROBIN,420814,2018-08-26
8,BlacKkKlansman,487558,2018-08-26
9,Hotel Transylvania 3: Summer Vacation,400155,2018-08-26
10,A.X.L.,438590,2018-08-26
1,Crazy Rich Asians,455207,2018-08-27
2,The Meg,345940,2018-08-27
3,The Happytime Murders,412988,2018-08-27
4,Mission: Impossible - Fallout,353081,2018-08-27
5,CHRISTOPHER ROBIN,420814,2018-08-27
6,Mile 22,347375,2018-08-27
7,BlacKkKlansman,487558,2018-08-27
8,Alpha,399360,2018-08-27
9,Hotel Transylvania 3: Summer Vacation,400155,2018-08-27
10,Mamma Mia! Here We Go Again,458423,2018-08-27
1,Crazy Rich Asians,455207,2018-08-28
2,The Meg,345940,2018-08-28
3,Mission: Impossible - Fallout,353081,2018-08-28
4,The Happytime Murders,412988,2018-08-28
5,CHRISTOPHER ROBIN,420814,2018-08-28
6,Mile 22,347375,2018-08-28
7,Alpha,399360,2018-08-28
8,BlacKkKlansman,487558,2018-08-28
9,A.X.L.,438590,2018-08-28
10,Hotel Transylvania 3: Summer Vacation,400155,2018-08-28
1,Crazy Rich Asians,455207,2018-08-29
2,The Meg,345940,2018-08-29
3,Operation Finale,493551,2018-08-29
4,Mission: Impossible - Fallout,353081,2018-08-29
5,Mile 22,347375,2018-08-29
6,CHRISTOPHER ROBIN,420814,2018-08-29
7,The Happytime Murders,412988,2018-08-29
8,BlacKkKlansman,487558,2018-08-29
9,Alpha,399360,2018-08-29
10,Hotel Transylvania 3: Summer Vacation,400155,2018-08-29
1,Crazy Rich Asians,455207,2018-08-30
2,The Meg,345940,2018-08-30
3,Operation Finale,493551,2018-08-30
4,Mission: Impossible - Fallout,353081,2018-08-30
5,CHRISTOPHER ROBIN,420814,2018-08-30
6,The Happytime Murders,412988,2018-08-30
7,BlacKkKlansman,487558,2018-08-30
8,Mile 22,347375,2018-08-30
9,Alpha,399360,2018-08-30
10,Hotel Transylvania 3: Summer Vacation,400155,2018-08-30
1,Crazy Rich Asians,455207,2018-08-31
2,The Meg,345940,2018-08-31
3,Searching,489999,2018-08-31
4,Operation Finale,493551,2018-08-31
5,Mission: Impossible - Fallout,353081,2018-08-31
6,CHRISTOPHER ROBIN,420814,2018-08-31
7,The Happytime Murders,412988,2018-08-31
8,Kin,425505,2018-08-31
9,BlacKkKlansman,487558,2018-08-31
10,Alpha,399360,2018-08-31
1,Crazy Rich Asians,455207,2018-09-01
2,The Meg,345940,2018-09-01
3,Mission: Impossible - Fallout,353081,2018-09-01
4,Operation Finale,493551,2018-09-01
5,CHRISTOPHER ROBIN,420814,2018-09-01
6,Searching,489999,2018-09-01
7,Alpha,399360,2018-09-01
8,The Happytime Murders,412988,2018-09-01
9,BlacKkKlansman,487558,2018-09-01
10,Mile 22,347375,2018-09-01
1,Crazy Rich Asians,455207,2018-09-02
2,The Meg,345940,2018-09-02
3,Mission: Impossible - Fallout,353081,2018-09-02
4,Operation Finale,493551,2018-09-02
5,Searching,489999,2018-09-02
6,CHRISTOPHER ROBIN,420814,2018-09-02
7,Alpha,399360,2018-09-02
8,BlacKkKlansman,487558,2018-09-02
9,The Happytime Murders,412988,2018-09-02
10,Mile 22,347375,2018-09-02
1,Crazy Rich Asians,455207,2018-09-03
2,The Meg,345940,2018-09-03
3,Mission: Impossible - Fallout,353081,2018-09-03
4,CHRISTOPHER ROBIN,420814,2018-09-03
5,Operation Finale,493551,2018-09-03
6,Searching,489999,2018-09-03
7,Alpha,399360,2018-09-03
8,BlacKkKlansman,487558,2018-09-03
9,Incredibles 2,260513,2018-09-03
10,Mile 22,347375,2018-09-03
1,Crazy Rich Asians,455207,2018-09-04
2,The Meg,345940,2018-09-04
3,Searching,489999,2018-09-04
4,Mission: Impossible - Fallout,353081,2018-09-04
5,Operation Finale,493551,2018-09-04
6,Alpha,399360,2018-09-04
7,Mile 22,347375,2018-09-04
8,The Happytime Murders,412988,2018-09-04
9,CHRISTOPHER ROBIN,420814,2018-09-04
10,BlacKkKlansman,487558,2018-09-04
1,Crazy Rich Asians,455207,2018-09-05
2,Searching,489999,2018-09-05
3,The Meg,345940,2018-09-05
4,Operation Finale,493551,2018-09-05
5,Mission: Impossible - Fallout,353081,2018-09-05
6,BlacKkKlansman,487558,2018-09-05
7,The Happytime Murders,412988,2018-09-05
8,Alpha,399360,2018-09-05
9,Mile 22,347375,2018-09-05
10,CHRISTOPHER ROBIN,420814,2018-09-05
1,Crazy Rich Asians,455207,2018-09-06
2,Mission: Impossible - Fallout,353081,2018-09-06
3,The Meg,345940,2018-09-06
4,Operation Finale,493551,2018-09-06
5,Searching,489999,2018-09-06
6,BlacKkKlansman,487558,2018-09-06
7,CHRISTOPHER ROBIN,420814,2018-09-06
8,Alpha,399360,2018-09-06
9,Perfect Blue,10494,2018-09-06
10,The Happytime Murders,412988,2018-09-06
1,The Nun,439079,2018-09-07
2,Peppermint,458594,2018-09-07
3,Crazy Rich Asians,455207,2018-09-07
4,Searching,489999,2018-09-07
5,The Meg,345940,2018-09-07
6,Mission: Impossible - Fallout,353081,2018-09-07
7,Operation Finale,493551,2018-09-07
8,CHRISTOPHER ROBIN,420814,2018-09-07
9,BlacKkKlansman,487558,2018-09-07
10,Alpha,399360,2018-09-07
1,The Nun,439079,2018-09-08
2,Crazy Rich Asians,455207,2018-09-08
3,Peppermint,458594,2018-09-08
4,The Meg,345940,2018-09-08
5,Searching,489999,2018-09-08
6,Mission: Impossible - Fallout,353081,2018-09-08
7,CHRISTOPHER ROBIN,420814,2018-09-08
8,Operation Finale,493551,2018-09-08
9,Alpha,399360,2018-09-08
10,BlacKkKlansman,487558,2018-09-08
1,The Nun,439079,2018-09-09
2,Peppermint,458594,2018-09-09
3,Crazy Rich Asians,455207,2018-09-09
4,The Meg,345940,2018-09-09
5,Searching,489999,2018-09-09
6,Mission: Impossible - Fallout,353081,2018-09-09
7,CHRISTOPHER ROBIN,420814,2018-09-09
8,Alpha,399360,2018-09-09
9,BlacKkKlansman,487558,2018-09-09
10,Operation Finale,493551,2018-09-09
1,The Nun,439079,2018-09-10
2,Crazy Rich Asians,455207,2018-09-10
3,Peppermint,458594,2018-09-10
4,Searching,489999,2018-09-10
5,The Meg,345940,2018-09-10
6,Mission: Impossible - Fallout,353081,2018-09-10
7,CHRISTOPHER ROBIN,420814,2018-09-10
8,Operation Finale,493551,2018-09-10
9,BlacKkKlansman,487558,2018-09-10
10,Alpha,399360,2018-09-10
1,The Nun,439079,2018-09-11
2,Peppermint,458594,2018-09-11
3,Crazy Rich Asians,455207,2018-09-11
4,Searching,489999,2018-09-11
5,Mission: Impossible - Fallout,353081,2018-09-11
6,The Meg,345940,2018-09-11
7,Operation Finale,493551,2018-09-11
8,BlacKkKlansman,487558,2018-09-11
9,CHRISTOPHER ROBIN,420814,2018-09-11
10,Alpha,399360,2018-09-11
1,The Nun,439079,2018-09-12
2,Crazy Rich Asians,455207,2018-09-12
3,Peppermint,458594,2018-09-12
4,Searching,489999,2018-09-12
5,The Meg,345940,2018-09-12
6,Mission: Impossible - Fallout,353081,2018-09-12
7,BlacKkKlansman,487558,2018-09-12
8,Operation Finale,493551,2018-09-12
9,CHRISTOPHER ROBIN,420814,2018-09-12
10,Alpha,399360,2018-09-12
1,The Nun,439079,2018-09-13
2,Crazy Rich Asians,455207,2018-09-13
3,Peppermint,458594,2018-09-13
4,Searching,489999,2018-09-13
5,Moses,2719,2018-09-13
6,The Meg,345940,2018-09-13
7,Mission: Impossible - Fallout,353081,2018-09-13
8,BlacKkKlansman,487558,2018-09-13
9,Operation Finale,493551,2018-09-13
10,CHRISTOPHER ROBIN,420814,2018-09-13
1,The Predator,346910,2018-09-14
2,A Simple Favor,484247,2018-09-14
3,The Nun,439079,2018-09-14
4,White Boy Rick,438808,2018-09-14
5,Crazy Rich Asians,455207,2018-09-14
6,Peppermint,458594,2018-09-14
7,The Meg,345940,2018-09-14
8,Searching,489999,2018-09-14
9,Unbroken: Path to Redemption,506680,2018-09-14
10,Mission: Impossible - Fallout,353081,2018-09-14
1,The Predator,346910,2018-09-15
2,The Nun,439079,2018-09-15
3,A Simple Favor,484247,2018-09-15
4,Crazy Rich Asians,455207,2018-09-15
5,White Boy Rick,438808,2018-09-15
6,Peppermint,458594,2018-09-15
7,The Meg,345940,2018-09-15
8,Searching,489999,2018-09-15
9,Mission: Impossible - Fallout,353081,2018-09-15
10,CHRISTOPHER ROBIN,420814,2018-09-15
1,The Predator,346910,2018-09-16
2,The Nun,439079,2018-09-16
3,A Simple Favor,484247,2018-09-16
4,Crazy Rich Asians,455207,2018-09-16
5,White Boy Rick,438808,2018-09-16
6,Peppermint,458594,2018-09-16
7,The Meg,345940,2018-09-16
8,Searching,489999,2018-09-16
9,CHRISTOPHER ROBIN,420814,2018-09-16
10,Mission: Impossible - Fallout,353081,2018-09-16
1,The Predator,346910,2018-09-17
2,The Nun,439079,2018-09-17
3,A Simple Favor,484247,2018-09-17
4,White Boy Rick,438808,2018-09-17
5,Crazy Rich Asians,455207,2018-09-17
6,Peppermint,458594,2018-09-17
7,Dragon Ball Z: Broly,44251,2018-09-17
8,Searching,489999,2018-09-17
9,The Meg,345940,2018-09-17
10,Unbroken: Path to Redemption,506680,2018-09-17
1,The Predator,346910,2018-09-18
2,A Simple Favor,484247,2018-09-18
3,The Nun,439079,2018-09-18
4,White Boy Rick,438808,2018-09-18
5,Crazy Rich Asians,455207,2018-09-18
6,Peppermint,458594,2018-09-18
7,Searching,489999,2018-09-18
8,Unbroken: Path to Redemption,506680,2018-09-18
9,The Meg,345940,2018-09-18
10,Mission: Impossible - Fallout,353081,2018-09-18
1,The Predator,346910,2018-09-19
2,A Simple Favor,484247,2018-09-19
3,The Nun,439079,2018-09-19
4,Crazy Rich Asians,455207,2018-09-19
5,White Boy Rick,438808,2018-09-19
6,The Dawn Wall,489471,2018-09-19
7,Peppermint,458594,2018-09-19
8,Searching,489999,2018-09-19
9,The Meg,345940,2018-09-19
10,Mission: Impossible - Fallout,353081,2018-09-19
1,A Simple Favor,484247,2018-09-20
2,The Predator,346910,2018-09-20
3,The Nun,439079,2018-09-20
4,Crazy Rich Asians,455207,2018-09-20
5,White Boy Rick,438808,2018-09-20
6,Peppermint,458594,2018-09-20
7,Moses,2719,2018-09-20
8,Searching,489999,2018-09-20
9,Unbroken: Path to Redemption,506680,2018-09-20
10,Mission: Impossible - Fallout,353081,2018-09-20
1,The House With A Clock In Its Walls,463821,2018-09-21
2,A Simple Favor,484247,2018-09-21
3,The Nun,439079,2018-09-21
4,The Predator,346910,2018-09-21
5,Crazy Rich Asians,455207,2018-09-21
6,White Boy Rick,438808,2018-09-21
7,Fahrenheit 11/9,1777,2018-09-21
8,Peppermint,458594,2018-09-21
9,Life Itself,250766,2018-09-21
10,Searching,489999,2018-09-21
1,The House With A Clock In Its Walls,463821,2018-09-22
2,The Nun,439079,2018-09-22
3,A Simple Favor,484247,2018-09-22
4,The Predator,346910,2018-09-22
5,Crazy Rich Asians,455207,2018-09-22
6,White Boy Rick,438808,2018-09-22
7,Peppermint,458594,2018-09-22
8,Fahrenheit 11/9,1777,2018-09-22
9,The Meg,345940,2018-09-22
10,Searching,489999,2018-09-22
1,The House With A Clock In Its Walls,463821,2018-09-23
2,The Predator,346910,2018-09-23
3,A Simple Favor,484247,2018-09-23
4,The Nun,439079,2018-09-23
5,Crazy Rich Asians,455207,2018-09-23
6,White Boy Rick,438808,2018-09-23
7,Peppermint,458594,2018-09-23
8,Fahrenheit 11/9,1777,2018-09-23
9,Life Itself,250766,2018-09-23
10,The Meg,345940,2018-09-23
1,The House With A Clock In Its Walls,463821,2018-09-24
2,A Simple Favor,484247,2018-09-24
3,The Predator,346910,2018-09-24
4,The Nun,439079,2018-09-24
5,Crazy Rich Asians,455207,2018-09-24
6,White Boy Rick,438808,2018-09-24
7,Peppermint,458594,2018-09-24
8,Fahrenheit 11/9,1777,2018-09-24
9,Life Itself,250766,2018-09-24
10,Searching,489999,2018-09-24
1,The House With A Clock In Its Walls,463821,2018-09-25
2,A Simple Favor,484247,2018-09-25
3,The Predator,346910,2018-09-25
4,The Nun,439079,2018-09-25
5,My Hero Academia: Two Heroes,505262,2018-09-25
6,Crazy Rich Asians,455207,2018-09-25
7,White Boy Rick,438808,2018-09-25
8,Peppermint,458594,2018-09-25
9,Fahrenheit 11/9,1777,2018-09-25
10,Life Itself,250766,2018-09-25
1,The House With A Clock In Its Walls,463821,2018-09-26
2,A Simple Favor,484247,2018-09-26
3,My Hero Academia: Two Heroes,505262,2018-09-26
4,The Predator,346910,2018-09-26
5,The Nun,439079,2018-09-26
6,White Boy Rick,438808,2018-09-26
7,Crazy Rich Asians,455207,2018-09-26
8,Peppermint,458594,2018-09-26
9,Fahrenheit 11/9,1777,2018-09-26
10,Life Itself,250766,2018-09-26
1,The House With A Clock In Its Walls,463821,2018-09-27
2,A Simple Favor,484247,2018-09-27
3,My Hero Academia: Two Heroes,505262,2018-09-27
4,The Nun,439079,2018-09-27
5,The Predator,346910,2018-09-27
6,Crazy Rich Asians,455207,2018-09-27
7,White Boy Rick,438808,2018-09-27
8,Peppermint,458594,2018-09-27
9,Fahrenheit 11/9,1777,2018-09-27
10,Life Itself,250766,2018-09-27
1,Night School,454293,2018-09-28
2,Smallfoot,446894,2018-09-28
3,The House With A Clock In Its Walls,463821,2018-09-28
4,A Simple Favor,484247,2018-09-28
5,Hell Fest,429476,2018-09-28
6,The Nun,439079,2018-09-28
7,Crazy Rich Asians,455207,2018-09-28
8,The Predator,346910,2018-09-28
9,White Boy Rick,438808,2018-09-28
10,Peppermint,458594,2018-09-28
1,Night School,454293,2018-09-29
2,Smallfoot,446894,2018-09-29
3,The House With A Clock In Its Walls,463821,2018-09-29
4,A Simple Favor,484247,2018-09-29
5,The Nun,439079,2018-09-29
6,Hell Fest,429476,2018-09-29
7,Crazy Rich Asians,455207,2018-09-29
8,The Predator,346910,2018-09-29
9,My Hero Academia: Two Heroes,505262,2018-09-29
10,White Boy Rick,438808,2018-09-29
1,Smallfoot,446894,2018-09-30
2,Night School,454293,2018-09-30
3,The House With A Clock In Its Walls,463821,2018-09-30
4,A Simple Favor,484247,2018-09-30
5,The Nun,439079,2018-09-30
6,Hell Fest,429476,2018-09-30
7,The Predator,346910,2018-09-30
8,Crazy Rich Asians,455207,2018-09-30
9,White Boy Rick,438808,2018-09-30
10,Peppermint,458594,2018-09-30
1,Night School,454293,2018-10-01
2,Smallfoot,446894,2018-10-01
3,The House With A Clock In Its Walls,463821,2018-10-01
4,A Simple Favor,484247,2018-10-01
5,Hell Fest,429476,2018-10-01
6,The Nun,439079,2018-10-01
7,The Predator,346910,2018-10-01
8,Crazy Rich Asians,455207,2018-10-01
9,White Boy Rick,438808,2018-10-01
10,Peppermint,458594,2018-10-01
1,Night School,454293,2018-10-02
2,Smallfoot,446894,2018-10-02
3,The House With A Clock In Its Walls,463821,2018-10-02
4,My Hero Academia: Two Heroes,505262,2018-10-02
5,A Simple Favor,484247,2018-10-02
6,Hell Fest,429476,2018-10-02
7,The Nun,439079,2018-10-02
8,Crazy Rich Asians,455207,2018-10-02
9,The Predator,346910,2018-10-02
10,White Boy Rick,438808,2018-10-02
1,Night School,454293,2018-10-03
2,Smallfoot,446894,2018-10-03
3,The House With A Clock In Its Walls,463821,2018-10-03
4,A Simple Favor,484247,2018-10-03
5,The Nun,439079,2018-10-03
6,Crazy Rich Asians,455207,2018-10-03
7,Hell Fest,429476,2018-10-03
8,The Predator,346910,2018-10-03
9,White Boy Rick,438808,2018-10-03
10,Peppermint,458594,2018-10-03
1,Night School,454293,2018-10-04
2,Smallfoot,446894,2018-10-04
3,A Simple Favor,484247,2018-10-04
4,The House With A Clock In Its Walls,463821,2018-10-04
5,The Nun,439079,2018-10-04
6,The Trump Prophecy,548887,2018-10-04
7,My Hero Academia: Two Heroes,505262,2018-10-04
8,Crazy Rich Asians,455207,2018-10-04
9,Hell Fest,429476,2018-10-04
10,The Predator,346910,2018-10-04
1,Venom,335983,2018-10-05
2,A Star is Born,332562,2018-10-05
3,Night School,454293,2018-10-05
4,Smallfoot,446894,2018-10-05
5,The House With A Clock In Its Walls,463821,2018-10-05
6,A Simple Favor,484247,2018-10-05
7,The Nun,439079,2018-10-05
8,Hell Fest,429476,2018-10-05
9,Crazy Rich Asians,455207,2018-10-05
10,The Predator,346910,2018-10-05
1,Venom,335983,2018-10-06
2,A Star is Born,332562,2018-10-06
3,Smallfoot,446894,2018-10-06
4,Night School,454293,2018-10-06
5,The House With A Clock In Its Walls,463821,2018-10-06
6,A Simple Favor,484247,2018-10-06
7,The Nun,439079,2018-10-06
8,Crazy Rich Asians,455207,2018-10-06
9,Hell Fest,429476,2018-10-06
10,The Predator,346910,2018-10-06
1,Venom,335983,2018-10-07
2,A Star is Born,332562,2018-10-07
3,Smallfoot,446894,2018-10-07
4,Night School,454293,2018-10-07
5,The House With A Clock In Its Walls,463821,2018-10-07
6,A Simple Favor,484247,2018-10-07
7,The Nun,439079,2018-10-07
8,Crazy Rich Asians,455207,2018-10-07
9,Hell Fest,429476,2018-10-07
10,The Predator,346910,2018-10-07
1,Venom,335983,2018-10-08
2,A Star is Born,332562,2018-10-08
3,Smallfoot,446894,2018-10-08
4,Night School,454293,2018-10-08
5,The House With A Clock In Its Walls,463821,2018-10-08
6,A Simple Favor,484247,2018-10-08
7,Crazy Rich Asians,455207,2018-10-08
8,The Nun,439079,2018-10-08
9,Hell Fest,429476,2018-10-08
10,The Dawn Wall,489471,2018-10-08
1,Venom,335983,2018-10-09
2,A Star is Born,332562,2018-10-09
3,Night School,454293,2018-10-09
4,Smallfoot,446894,2018-10-09
5,The House With A Clock In Its Walls,463821,2018-10-09
6,A Simple Favor,484247,2018-10-09
7,The Nun,439079,2018-10-09
8,Hell Fest,429476,2018-10-09
9,Crazy Rich Asians,455207,2018-10-09
10,The Predator,346910,2018-10-09
1,Venom,335983,2018-10-10
2,A Star is Born,332562,2018-10-10
3,Night School,454293,2018-10-10
4,Smallfoot,446894,2018-10-10
5,The House With A Clock In Its Walls,463821,2018-10-10
6,A Simple Favor,484247,2018-10-10
7,The Nun,439079,2018-10-10
8,Crazy Rich Asians,455207,2018-10-10
9,Hell Fest,429476,2018-10-10
10,The Predator,346910,2018-10-10
1,A Star is Born,332562,2018-10-11
2,Venom,335983,2018-10-11
3,Smallfoot,446894,2018-10-11
4,Night School,454293,2018-10-11
5,The House With A Clock In Its Walls,463821,2018-10-11
6,A Simple Favor,484247,2018-10-11
7,The Nun,439079,2018-10-11
8,Crazy Rich Asians,455207,2018-10-11
9,Hell Fest,429476,2018-10-11
10,MFKZ,461615,2018-10-11
1,Venom,335983,2018-10-12
2,A Star is Born,332562,2018-10-12
3,First Man,369972,2018-10-12
4,Goosebumps 2: Haunted Halloween,442062,2018-10-12
5,Bad Times At The El Royale,446021,2018-10-12
6,Smallfoot,446894,2018-10-12
7,Night School,454293,2018-10-12
8,The House With A Clock In Its Walls,463821,2018-10-12
9,The Hate U Give,470044,2018-10-12
10,A Simple Favor,484247,2018-10-12
1,Venom,335983,2018-10-13
2,A Star is Born,332562,2018-10-13
3,Goosebumps 2: Haunted Halloween,442062,2018-10-13
4,First Man,369972,2018-10-13
5,Smallfoot,446894,2018-10-13
6,Night School,454293,2018-10-13
7,Bad Times At The El Royale,446021,2018-10-13
8,The House With A Clock In Its Walls,463821,2018-10-13
9,The Hate U Give,470044,2018-10-13
10,The Nun,439079,2018-10-13
1,Venom,335983,2018-10-14
2,A Star is Born,332562,2018-10-14
3,Goosebumps 2: Haunted Halloween,442062,2018-10-14
4,First Man,369972,2018-10-14
5,Smallfoot,446894,2018-10-14
6,Night School,454293,2018-10-14
7,Bad Times At The El Royale,446021,2018-10-14
8,The House With A Clock In Its Walls,463821,2018-10-14
9,The Hate U Give,470044,2018-10-14
10,Gosnell: The Trial of Americas Biggest Serial Killer,537751,2018-10-14
1,A Star is Born,332562,2018-10-15
2,Venom,335983,2018-10-15
3,First Man,369972,2018-10-15
4,Bad Times At The El Royale,446021,2018-10-15
5,Goosebumps 2: Haunted Halloween,442062,2018-10-15
6,Smallfoot,446894,2018-10-15
7,Night School,454293,2018-10-15
8,The House With A Clock In Its Walls,463821,2018-10-15
9,The Hate U Give,470044,2018-10-15
10,Gosnell: The Trial of Americas Biggest Serial Killer,537751,2018-10-15
1,A Star is Born,332562,2018-10-16
2,Venom,335983,2018-10-16
3,First Man,369972,2018-10-16
4,Goosebumps 2: Haunted Halloween,442062,2018-10-16
5,Bad Times At The El Royale,446021,2018-10-16
6,Night School,454293,2018-10-16
7,Smallfoot,446894,2018-10-16
8,The House With A Clock In Its Walls,463821,2018-10-16
9,The Hate U Give,470044,2018-10-16
10,Gosnell: The Trial of Americas Biggest Serial Killer,537751,2018-10-16
1,A Star is Born,332562,2018-10-17
2,Venom,335983,2018-10-17
3,First Man,369972,2018-10-17
4,Bad Times At The El Royale,446021,2018-10-17
5,Goosebumps 2: Haunted Halloween,442062,2018-10-17
6,Night School,454293,2018-10-17
7,Smallfoot,446894,2018-10-17
8,The House With A Clock In Its Walls,463821,2018-10-17
9,Gosnell: The Trial of Americas Biggest Serial Killer,537751,2018-10-17
10,The Hate U Give,470044,2018-10-17
1,A Star is Born,332562,2018-10-18
2,Venom,335983,2018-10-18
3,First Man,369972,2018-10-18
4,Goosebumps 2: Haunted Halloween,442062,2018-10-18
5,Smallfoot,446894,2018-10-18
6,Bad Times At The El Royale,446021,2018-10-18
7,Night School,454293,2018-10-18
8,The House With A Clock In Its Walls,463821,2018-10-18
9,The Hate U Give,470044,2018-10-18
10,Gosnell: The Trial of Americas Biggest Serial Killer,537751,2018-10-18
1,Halloween,424139,2018-10-19
2,A Star is Born,332562,2018-10-19
3,Venom,335983,2018-10-19
4,Goosebumps 2: Haunted Halloween,442062,2018-10-19
5,The Hate U Give,470044,2018-10-19
6,First Man,369972,2018-10-19
7,Smallfoot,446894,2018-10-19
8,Night School,454293,2018-10-19
9,Bad Times At The El Royale,446021,2018-10-19
10,The Old Man & the Gun,429203,2018-10-19
1,Halloween,424139,2018-10-20
2,A Star is Born,332562,2018-10-20
3,Venom,335983,2018-10-20
4,Goosebumps 2: Haunted Halloween,442062,2018-10-20
5,First Man,369972,2018-10-20
6,The Hate U Give,470044,2018-10-20
7,Smallfoot,446894,2018-10-20
8,Night School,454293,2018-10-20
9,Bad Times At The El Royale,446021,2018-10-20
10,The Old Man & the Gun,429203,2018-10-20
1,Halloween,424139,2018-10-21
2,A Star is Born,332562,2018-10-21
3,Venom,335983,2018-10-21
4,Goosebumps 2: Haunted Halloween,442062,2018-10-21
5,First Man,369972,2018-10-21
6,The Hate U Give,470044,2018-10-21
7,Smallfoot,446894,2018-10-21
8,Night School,454293,2018-10-21
9,Bad Times At The El Royale,446021,2018-10-21
10,The Old Man & the Gun,429203,2018-10-21
1,Halloween,424139,2018-10-22
2,A Star is Born,332562,2018-10-22
3,Venom,335983,2018-10-22
4,First Man,369972,2018-10-22
5,The Hate U Give,470044,2018-10-22
6,Goosebumps 2: Haunted Halloween,442062,2018-10-22
7,Bad Times At The El Royale,446021,2018-10-22
8,Smallfoot,446894,2018-10-22
9,Night School,454293,2018-10-22
10,The Old Man & the Gun,429203,2018-10-22
1,Halloween,424139,2018-10-23
2,A Star is Born,332562,2018-10-23
3,Venom,335983,2018-10-23
4,First Man,369972,2018-10-23
5,The Hate U Give,470044,2018-10-23
6,Goosebumps 2: Haunted Halloween,442062,2018-10-23
7,Bad Times At The El Royale,446021,2018-10-23
8,Smallfoot,446894,2018-10-23
9,Night School,454293,2018-10-23
10,The Old Man & the Gun,429203,2018-10-23
1,Halloween,424139,2018-10-24
2,A Star is Born,332562,2018-10-24
3,Venom,335983,2018-10-24
4,First Man,369972,2018-10-24
5,The Hate U Give,470044,2018-10-24
6,Goosebumps 2: Haunted Halloween,442062,2018-10-24
7,Bad Times At The El Royale,446021,2018-10-24
8,Night School,454293,2018-10-24
9,Smallfoot,446894,2018-10-24
10,The Old Man & the Gun,429203,2018-10-24
1,Halloween,424139,2018-10-25
2,A Star is Born,332562,2018-10-25
3,Venom,335983,2018-10-25
4,First Man,369972,2018-10-25
5,The Hate U Give,470044,2018-10-25
6,Goosebumps 2: Haunted Halloween,442062,2018-10-25
7,Bad Times At The El Royale,446021,2018-10-25
8,Smallfoot,446894,2018-10-25
9,Night School,454293,2018-10-25
10,The Old Man & the Gun,429203,2018-10-25
1,Halloween,424139,2018-10-26
2,A Star is Born,332562,2018-10-26
3,Venom,335983,2018-10-26
4,Hunter Killer,399402,2018-10-26
5,Goosebumps 2: Haunted Halloween,442062,2018-10-26
6,The Hate U Give,470044,2018-10-26
7,First Man,369972,2018-10-26
8,Mid90s,437586,2018-10-26
9,Smallfoot,446894,2018-10-26
10,Night School,454293,2018-10-26
1,Halloween,424139,2018-10-27
2,A Star is Born,332562,2018-10-27
3,Venom,335983,2018-10-27
4,Goosebumps 2: Haunted Halloween,442062,2018-10-27
5,Hunter Killer,399402,2018-10-27
6,The Hate U Give,470044,2018-10-27
7,Smallfoot,446894,2018-10-27
8,First Man,369972,2018-10-27
9,Night School,454293,2018-10-27
10,Mid90s,437586,2018-10-27
1,Halloween,424139,2018-10-28
2,A Star is Born,332562,2018-10-28
3,Venom,335983,2018-10-28
4,Goosebumps 2: Haunted Halloween,442062,2018-10-28
5,Hunter Killer,399402,2018-10-28
6,Smallfoot,446894,2018-10-28
7,The Hate U Give,470044,2018-10-28
8,First Man,369972,2018-10-28
9,Night School,454293,2018-10-28
10,Mid90s,437586,2018-10-28
1,Halloween,424139,2018-10-29
2,A Star is Born,332562,2018-10-29
3,Venom,335983,2018-10-29
4,Hunter Killer,399402,2018-10-29
5,First Man,369972,2018-10-29
6,The Hate U Give,470044,2018-10-29
7,Goosebumps 2: Haunted Halloween,442062,2018-10-29
8,Mid90s,437586,2018-10-29
9,Smallfoot,446894,2018-10-29
10,Night School,454293,2018-10-29
1,Halloween,424139,2018-10-30
2,A Star is Born,332562,2018-10-30
3,Venom,335983,2018-10-30
4,Hunter Killer,399402,2018-10-30
5,The Hate U Give,470044,2018-10-30
6,First Man,369972,2018-10-30
7,Goosebumps 2: Haunted Halloween,442062,2018-10-30
8,Mid90s,437586,2018-10-30
9,Night School,454293,2018-10-30
10,The Old Man & the Gun,429203,2018-10-30
1,Halloween,424139,2018-10-31
2,A Star is Born,332562,2018-10-31
3,Venom,335983,2018-10-31
4,Goosebumps 2: Haunted Halloween,442062,2018-10-31
5,Hunter Killer,399402,2018-10-31
6,First Man,369972,2018-10-31
7,The Hate U Give,470044,2018-10-31
8,The Old Man & the Gun,429203,2018-10-31
9,Smallfoot,446894,2018-10-31
10,Night School,454293,2018-10-31
1,Halloween,424139,2018-11-01
2,A Star is Born,332562,2018-11-01
3,Venom,335983,2018-11-01
4,Hunter Killer,399402,2018-11-01
5,First Man,369972,2018-11-01
6,The Hate U Give,470044,2018-11-01
7,Goosebumps 2: Haunted Halloween,442062,2018-11-01
8,Smallfoot,446894,2018-11-01
9,Mid90s,437586,2018-11-01
10,The Old Man & the Gun,429203,2018-11-01
1,Bohemian Rhapsody,424694,2018-11-02
2,The Nutcracker and the Four Realms,426543,2018-11-02
3,Nobodys Fool,11593,2018-11-02
4,Halloween,424139,2018-11-02
5,A Star is Born,332562,2018-11-02
6,Venom,335983,2018-11-02
7,Hunter Killer,399402,2018-11-02
8,The Hate U Give,470044,2018-11-02
9,Goosebumps 2: Haunted Halloween,442062,2018-11-02
10,Smallfoot,446894,2018-11-02
1,Bohemian Rhapsody,424694,2018-11-03
2,The Nutcracker and the Four Realms,426543,2018-11-03
3,Nobodys Fool,11593,2018-11-03
4,Halloween,424139,2018-11-03
5,A Star is Born,332562,2018-11-03
6,Venom,335983,2018-11-03
7,Smallfoot,446894,2018-11-03
8,Goosebumps 2: Haunted Halloween,442062,2018-11-03
9,The Hate U Give,470044,2018-11-03
10,Hunter Killer,399402,2018-11-03
1,Bohemian Rhapsody,424694,2018-11-04
2,The Nutcracker and the Four Realms,426543,2018-11-04
3,Nobodys Fool,11593,2018-11-04
4,A Star is Born,332562,2018-11-04
5,Halloween,424139,2018-11-04
6,Venom,335983,2018-11-04
7,Smallfoot,446894,2018-11-04
8,Goosebumps 2: Haunted Halloween,442062,2018-11-04
9,Hunter Killer,399402,2018-11-04
10,The Hate U Give,470044,2018-11-04
1,Bohemian Rhapsody,424694,2018-11-05
2,The Nutcracker and the Four Realms,426543,2018-11-05
3,A Star is Born,332562,2018-11-05
4,Nobodys Fool,11593,2018-11-05
5,Halloween,424139,2018-11-05
6,Venom,335983,2018-11-05
7,Hunter Killer,399402,2018-11-05
8,The Hate U Give,470044,2018-11-05
9,Smallfoot,446894,2018-11-05
10,Dragon Ball Z: Saiyan Double Feature,560356,2018-11-05
1,Bohemian Rhapsody,424694,2018-11-06
2,The Nutcracker and the Four Realms,426543,2018-11-06
3,Nobodys Fool,11593,2018-11-06
4,A Star is Born,332562,2018-11-06
5,Venom,335983,2018-11-06
6,Halloween,424139,2018-11-06
7,Smallfoot,446894,2018-11-06
8,Goosebumps 2: Haunted Halloween,442062,2018-11-06
9,Hunter Killer,399402,2018-11-06
10,The Hate U Give,470044,2018-11-06
1,Bohemian Rhapsody,424694,2018-11-07
2,A Star is Born,332562,2018-11-07
3,The Nutcracker and the Four Realms,426543,2018-11-07
4,Nobodys Fool,11593,2018-11-07
5,Halloween,424139,2018-11-07
6,Venom,335983,2018-11-07
7,Hunter Killer,399402,2018-11-07
8,The Hate U Give,470044,2018-11-07
9,First Man,369972,2018-11-07
10,Smallfoot,446894,2018-11-07
1,Bohemian Rhapsody,424694,2018-11-08
2,A Star is Born,332562,2018-11-08
3,The Nutcracker and the Four Realms,426543,2018-11-08
4,Nobodys Fool,11593,2018-11-08
5,Venom,335983,2018-11-08
6,Halloween,424139,2018-11-08
7,Thugs of Hindostan,472138,2018-11-08
8,Hunter Killer,399402,2018-11-08
9,The Hate U Give,470044,2018-11-08
10,Smallfoot,446894,2018-11-08
1,The Grinch,360920,2018-11-09
2,Bohemian Rhapsody,424694,2018-11-09
3,Overlord,438799,2018-11-09
4,The Girl in the Spiders Web,446807,2018-11-09
5,The Nutcracker and the Four Realms,426543,2018-11-09
6,A Star is Born,332562,2018-11-09
7,Nobodys Fool,11593,2018-11-09
8,Venom,335983,2018-11-09
9,Halloween,424139,2018-11-09
10,The Hate U Give,470044,2018-11-09
1,The Grinch,360920,2018-11-10
2,Bohemian Rhapsody,424694,2018-11-10
3,The Nutcracker and the Four Realms,426543,2018-11-10
4,Overlord,438799,2018-11-10
5,A Star is Born,332562,2018-11-10
6,Nobodys Fool,11593,2018-11-10
7,The Girl in the Spiders Web,446807,2018-11-10
8,Venom,335983,2018-11-10
9,Halloween,424139,2018-11-10
10,The Hate U Give,470044,2018-11-10
1,The Grinch,360920,2018-11-11
2,Bohemian Rhapsody,424694,2018-11-11
3,The Nutcracker and the Four Realms,426543,2018-11-11
4,Overlord,438799,2018-11-11
5,A Star is Born,332562,2018-11-11
6,The Girl in the Spiders Web,446807,2018-11-11
7,Nobodys Fool,11593,2018-11-11
8,Venom,335983,2018-11-11
9,Halloween,424139,2018-11-11
10,The Hate U Give,470044,2018-11-11
1,The Grinch,360920,2018-11-12
2,Bohemian Rhapsody,424694,2018-11-12
3,The Nutcracker and the Four Realms,426543,2018-11-12
4,Overlord,438799,2018-11-12
5,A Star is Born,332562,2018-11-12
6,The Girl in the Spiders Web,446807,2018-11-12
7,Nobodys Fool,11593,2018-11-12
8,Venom,335983,2018-11-12
9,Halloween,424139,2018-11-12
10,Smallfoot,446894,2018-11-12
1,The Grinch,360920,2018-11-13
2,Bohemian Rhapsody,424694,2018-11-13
3,Overlord,438799,2018-11-13
4,The Girl in the Spiders Web,446807,2018-11-13
5,A Star is Born,332562,2018-11-13
6,The Nutcracker and the Four Realms,426543,2018-11-13
7,Nobodys Fool,11593,2018-11-13
8,Venom,335983,2018-11-13
9,Cirque du Soleil: KURIOS - Cabinet Of Curiosities,558130,2018-11-13
10,Halloween,424139,2018-11-13
1,The Grinch,360920,2018-11-14
2,Bohemian Rhapsody,424694,2018-11-14
3,Overlord,438799,2018-11-14
4,A Star is Born,332562,2018-11-14
5,The Girl in the Spiders Web,446807,2018-11-14
6,The Nutcracker and the Four Realms,426543,2018-11-14
7,Nobodys Fool,11593,2018-11-14
8,Venom,335983,2018-11-14
9,Halloween,424139,2018-11-14
10,TCM Presents: Die Hard 30th Anniversary,559551,2018-11-14
1,The Grinch,360920,2018-11-15
2,Bohemian Rhapsody,424694,2018-11-15
3,Burn the Stage: The Movie,553512,2018-11-15
4,Overlord,438799,2018-11-15
5,A Star is Born,332562,2018-11-15
6,The Girl in the Spiders Web,446807,2018-11-15
7,The Nutcracker and the Four Realms,426543,2018-11-15
8,Nobodys Fool,11593,2018-11-15
9,Venom,335983,2018-11-15
10,Halloween,424139,2018-11-15
1,Fantastic Beasts: The Crimes of Grindelwald,338952,2018-11-16
2,The Grinch,360920,2018-11-16
3,Instant Family,491418,2018-11-16
4,Bohemian Rhapsody,424694,2018-11-16
5,Widows,401469,2018-11-16
6,A Star is Born,332562,2018-11-16
7,The Nutcracker and the Four Realms,426543,2018-11-16
8,Overlord,438799,2018-11-16
9,The Girl in the Spiders Web,446807,2018-11-16
10,Nobodys Fool,11593,2018-11-16
1,Fantastic Beasts: The Crimes of Grindelwald,338952,2018-11-17
2,The Grinch,360920,2018-11-17
3,Bohemian Rhapsody,424694,2018-11-17
4,Instant Family,491418,2018-11-17
5,Widows,401469,2018-11-17
6,The Nutcracker and the Four Realms,426543,2018-11-17
7,A Star is Born,332562,2018-11-17
8,Overlord,438799,2018-11-17
9,Burn the Stage: The Movie,553512,2018-11-17
10,The Girl in the Spiders Web,446807,2018-11-17
1,Fantastic Beasts: The Crimes of Grindelwald,338952,2018-11-18
2,The Grinch,360920,2018-11-18
3,Bohemian Rhapsody,424694,2018-11-18
4,Instant Family,491418,2018-11-18
5,Widows,401469,2018-11-18
6,The Nutcracker and the Four Realms,426543,2018-11-18
7,A Star is Born,332562,2018-11-18
8,Overlord,438799,2018-11-18
9,Burn the Stage: The Movie,553512,2018-11-18
10,The Girl in the Spiders Web,446807,2018-11-18
1,Fantastic Beasts: The Crimes of Grindelwald,338952,2018-11-19
2,The Grinch,360920,2018-11-19
3,Bohemian Rhapsody,424694,2018-11-19
4,Instant Family,491418,2018-11-19
5,Widows,401469,2018-11-19
6,The Nutcracker and the Four Realms,426543,2018-11-19
7,A Star is Born,332562,2018-11-19
8,Overlord,438799,2018-11-19
9,Venom,335983,2018-11-19
10,The Girl in the Spiders Web,446807,2018-11-19
1,Fantastic Beasts: The Crimes of Grindelwald,338952,2018-11-20
2,The Grinch,360920,2018-11-20
3,Bohemian Rhapsody,424694,2018-11-20
4,Instant Family,491418,2018-11-20
5,Widows,401469,2018-11-20
6,The Nutcracker and the Four Realms,426543,2018-11-20
7,A Star is Born,332562,2018-11-20
8,Overlord,438799,2018-11-20
9,The Girl in the Spiders Web,446807,2018-11-20
10,Venom,335983,2018-11-20
1,Ralph Breaks the Internet,404368,2018-11-21
2,Creed II,480530,2018-11-21
3,The Grinch,360920,2018-11-21
4,Fantastic Beasts: The Crimes of Grindelwald,338952,2018-11-21
5,Robin Hood,375588,2018-11-21
6,Bohemian Rhapsody,424694,2018-11-21
7,Instant Family,491418,2018-11-21
8,Widows,401469,2018-11-21
9,Green Book,490132,2018-11-21
10,A Star is Born,332562,2018-11-21
1,Ralph Breaks the Internet,404368,2018-11-22
2,Creed II,480530,2018-11-22
3,Fantastic Beasts: The Crimes of Grindelwald,338952,2018-11-22
4,The Grinch,360920,2018-11-22
5,Bohemian Rhapsody,424694,2018-11-22
6,Instant Family,491418,2018-11-22
7,Robin Hood,375588,2018-11-22
8,Widows,401469,2018-11-22
9,Green Book,490132,2018-11-22
10,A Star is Born,332562,2018-11-22
1,Ralph Breaks the Internet,404368,2018-11-23
2,Creed II,480530,2018-11-23
3,Fantastic Beasts: The Crimes of Grindelwald,338952,2018-11-23
4,The Grinch,360920,2018-11-23
5,Bohemian Rhapsody,424694,2018-11-23
6,Instant Family,491418,2018-11-23
7,Robin Hood,375588,2018-11-23
8,Widows,401469,2018-11-23
9,Green Book,490132,2018-11-23
10,A Star is Born,332562,2018-11-23
1,Ralph Breaks the Internet,404368,2018-11-24
2,Creed II,480530,2018-11-24
3,The Grinch,360920,2018-11-24
4,Fantastic Beasts: The Crimes of Grindelwald,338952,2018-11-24
5,Bohemian Rhapsody,424694,2018-11-24
6,Instant Family,491418,2018-11-24
7,Robin Hood,375588,2018-11-24
8,Widows,401469,2018-11-24
9,Green Book,490132,2018-11-24
10,A Star is Born,332562,2018-11-24
1,Ralph Breaks the Internet,404368,2018-11-25
2,Creed II,480530,2018-11-25
3,The Grinch,360920,2018-11-25
4,Fantastic Beasts: The Crimes of Grindelwald,338952,2018-11-25
5,Bohemian Rhapsody,424694,2018-11-25
6,Instant Family,491418,2018-11-25
7,Robin Hood,375588,2018-11-25
8,Widows,401469,2018-11-25
9,Green Book,490132,2018-11-25
10,A Star is Born,332562,2018-11-25
1,Ralph Breaks the Internet,404368,2018-11-26
2,Creed II,480530,2018-11-26
3,Fantastic Beasts: The Crimes of Grindelwald,338952,2018-11-26
4,The Grinch,360920,2018-11-26
5,Bohemian Rhapsody,424694,2018-11-26
6,Instant Family,491418,2018-11-26
7,Robin Hood,375588,2018-11-26
8,Widows,401469,2018-11-26
9,Green Book,490132,2018-11-26
10,A Star is Born,332562,2018-11-26
1,Ralph Breaks the Internet,404368,2018-11-27
2,Creed II,480530,2018-11-27
3,Fantastic Beasts: The Crimes of Grindelwald,338952,2018-11-27
4,The Grinch,360920,2018-11-27
5,Bohemian Rhapsody,424694,2018-11-27
6,Instant Family,491418,2018-11-27
7,Widows,401469,2018-11-27
8,Robin Hood,375588,2018-11-27
9,Green Book,490132,2018-11-27
10,A Star is Born,332562,2018-11-27
1,Creed II,480530,2018-11-28
2,Ralph Breaks the Internet,404368,2018-11-28
3,Fantastic Beasts: The Crimes of Grindelwald,338952,2018-11-28
4,The Grinch,360920,2018-11-28
5,Bohemian Rhapsody,424694,2018-11-28
6,Instant Family,491418,2018-11-28
7,Widows,401469,2018-11-28
8,Green Book,490132,2018-11-28
9,Robin Hood,375588,2018-11-28
10,A Star is Born,332562,2018-11-28
1,Ralph Breaks the Internet,404368,2018-11-29
2,Creed II,480530,2018-11-29
3,Fantastic Beasts: The Crimes of Grindelwald,338952,2018-11-29
4,The Grinch,360920,2018-11-29
5,Bohemian Rhapsody,424694,2018-11-29
6,Instant Family,491418,2018-11-29
7,Robin Hood,375588,2018-11-29
8,Widows,401469,2018-11-29
9,Green Book,490132,2018-11-29
10,Mirai,163586,2018-11-29
1,Ralph Breaks the Internet,404368,2018-11-30
2,Creed II,480530,2018-11-30
3,The Grinch,360920,2018-11-30
4,Fantastic Beasts: The Crimes of Grindelwald,338952,2018-11-30
5,The Possession of Hannah Grace,434555,2018-11-30
6,Bohemian Rhapsody,424694,2018-11-30
7,Instant Family,491418,2018-11-30
8,Robin Hood,375588,2018-11-30
9,Widows,401469,2018-11-30
10,Green Book,490132,2018-11-30
